State,Code,District,Headquarters,Population,Area,Density,Longitude,Latitude
Andhra Pradesh,AN,Anantapur,Anantapur,4083315,19130,213,77.55625984,14.6546235
Andhra Pradesh,CH,Chittoor,Chittoor,4170468,15152,275,79.15555062,13.1601048
Andhra Pradesh,EG,East Godavari,Kakinada,5151549,10807,477,82.2350607,16.9437385
Andhra Pradesh,GU,Guntur,Guntur,4889230,11391,429,80.4541588,16.2915189
Andhra Pradesh,CU,Kadapa,Kadapa,2884524,15359,188,78.8216861,14.4752936
Andhra Pradesh,KR,Krishna,Machilipatnam,4529009,8727,519,81.1351299,16.1819393
Andhra Pradesh,KU,Kurnool,Kurnool,4046601,17658,229,78.0425373,15.8309251
Andhra Pradesh,PR,Prakasam,Ongole,3392764,17626,192,80.06078519,15.5075545
Andhra Pradesh,NE,Sri Potti Sriramulu Nellore,Nellore,2966082,13076,227,79.9873763,14.4493717
Andhra Pradesh,SR,Srikakulam,Srikakulam,2699471,5837,462,83.9160772,18.32002205
Andhra Pradesh,VS,Visakhapatnam,Visakhapatnam,4288113,11161,384,83.3012842,17.7231276
Andhra Pradesh,VZ,Vizianagaram,Vizianagaram,2342868,6539,358,83.40521962,18.1120819
Andhra Pradesh,WG,West Godavari,Eluru,3934782,7742,508,81.17086824,16.67613485
Arunachal Pradesh,AJ,Anjaw,Hawai,21089,6190,3,96.8124468,27.8843894
Arunachal Pradesh,CH,Changlang,Changlang,147951,4662,32,95.7382485,27.1398402
Arunachal Pradesh,EK,East Kameng,Seppa,78413,4134,19,93.0406098,27.3594183
Arunachal Pradesh,ES,East Siang,Pasighat,99019,3603,27,95.33634325,28.06501385
Arunachal Pradesh, –,Kamle,Raga, –, –, –,94.0692973,27.7968313
Arunachal Pradesh, –,Kra Daadi,Jamin, –, –, –,94.12288,28.15285
Arunachal Pradesh,KK,Kurung Kumey,Koloriang,89717,6040,15,93.3536693,27.9054828
Arunachal Pradesh, –,Lepa Rada,Basar, –, –, –,94.6879423,27.9831179
Arunachal Pradesh,EL,Lohit,Tezu,145538,2402,61,96.1647135,27.9254195
Arunachal Pradesh,LD,Longding,Longding, –, –, –,95.31556525,26.8794546
Arunachal Pradesh,DV,Lower Dibang Valley,Roing,53986,3900,14,95.8430044,28.1368446
Arunachal Pradesh, –,Lower Siang,Likabali, –, –, –,94.6977781,27.6588306
Arunachal Pradesh,LB,Lower Subansiri,Ziro,82839,3508,24,93.815355,27.538668
Arunachal Pradesh, –,Namsai,Namsai, –, –, –,96.01597094,27.71403055
Arunachal Pradesh, –,Pakke-Kessang,Lemmi, –, –, –,93.2207107,27.1594406
Arunachal Pradesh,PA,Papum Pare,Yupia,176385,2875,61,93.7205996,27.1462282
Arunachal Pradesh, –,Shi Yomi,Tato, –, –, –,94.37531,28.53149
Arunachal Pradesh, –,Siang,Pangin, –, –, –,94.9895992,28.2112611
Arunachal Pradesh,TA,Tawang,Tawang Town,49950,2085,24,91.863733,27.5879186
Arunachal Pradesh,TI,Tirap,Khonsa,111997,2362,47,95.5061065,26.9910099
Arunachal Pradesh,UD,Upper Dibang Valley,Anini,7948,9129,1,96.04568576,29.0164975
Arunachal Pradesh,US,Upper Siang,Yingkiong,35289,6188,6,95.0276607,28.6410598
Arunachal Pradesh,UB,Upper Subansiri,Daporijo,83205,7032,12,94.2190544,27.9843402
Arunachal Pradesh,WK,West Kameng,Bomdila,87013,7422,12,92.40395876,27.24890675
Arunachal Pradesh,WS,West Siang,Along,112272,8325,13,94.79854,28.1698002
Assam,BK,Baksa,Mushalpur,953773,2008,475,91.3410716,26.6620387
Assam,BP,Barpeta,Barpeta,1693190,3245,522,91.01674328,26.34142215
Assam,BS,Bishwanath,Bishwanath Chariali, – [Note 1], –, –,93.14289738,26.7203673
Assam,BO,Bongaigaon,Bongaigaon,732639,1724,425,90.5580387,26.4800126
Assam,CA,Cachar,Silchar,1736319,3786,459,92.75622075,24.8178611
Assam,CD,Charaideo,Sonari, – [Note 2], –, –,95.12029902,27.05571005
Assam,CH,Chirang,Kajalgaon,481818,1975,244,90.525509,26.513931
Assam,DR,Darrang,Mangaldoi,908090,1849,491,92.04490249,26.4853336
Assam,DM,Dhemaji,Dhemaji,688077,3237,213,94.51786509,27.4668315
Assam,DU,Dhubri,Dhubri,1948632,2838,687,89.94188952,26.01894625
Assam,DI,Dibrugarh,Dibrugarh,1327748,3381,393,94.9019447,27.4844597
Assam,NC,Dima Hasao,Haflong,213529,4888,44,92.89840452,25.1825103
Assam,GP,Goalpara,Goalpara,1008959,1824,553,90.6226683,26.1783623
Assam,GG,Golaghat,Golaghat,1058674,3502,302,94.03209112,26.40490095
Assam,HA,Hailakandi,Hailakandi,659260,1327,497,92.57381528,24.68845365
Assam,HJ,Hojai,Hojai, – [Note 3], –, –,92.84879014,26.00939085
Assam,JO,Jorhat,Jorhat,1091295,2851,383,94.2079645,26.7577925
Assam,KU,Kamrup,Amingaon,1517202,3480,436,91.6699507,26.1861581
Assam,KM,Kamrup Metropolitan,Guwahati,1260419,627,2010,91.753943,26.1805978
Assam,KG,Karbi Anglong,Diphu,965280,10434,93,93.46496676,25.8563368
Assam,KR,Karimganj,Karimganj,1217002,1809,673,92.33221292,24.8483482
Assam,KJ,Kokrajhar,Kokrajhar,886999,3129,283,90.29293105,26.58687695
Assam,LA,Lakhimpur,North Lakhimpur,1040644,2277,457,94.16266801,27.1609011
Assam,MJ,Majuli,Garamur, – [Note 4], –, –,94.1574452,26.980306
Assam,MA,Morigaon,Marigaon,957853,1704,562,92.29221257,26.290712
Assam,NN,Nagaon,Nagaon,2826006,3831,738,92.71605974,26.30414915
Assam,NB,Nalbari,Nalbari,769919,1009,763,91.45122755,26.42386165
Assam,ST,Sivasagar,Sibsagar,1150253,2668,431,94.58213345,26.96388985
Assam,SM,South Salmara,Hatsingimari, – [Note 5], –, –,89.9047078,25.721206
Assam,SO,Sonitpur,Tezpur,1925975,5324,362,92.76500717,26.61695705
Assam,TI,Tinsukia,Tinsukia,1316948,3790,347,95.53063473,27.52016575
Assam,UD,Udalguri,Udalguri,832769,1676,497,92.10537534,26.7764803
Assam,WK,West Karbi Anglong,Hamren, – [Note 6], –, –,92.5746202,25.8452623
Bihar,AR,Araria,Araria,2806200,2829,992,87.37162648,26.26498795
Bihar,AR,Arwal,Arwal,700843,638,1098,84.65920203,25.18077715
Bihar,AU,Aurangabad,Aurangabad,2511243,3303,760,84.5,24.75
Bihar,BA,Banka,Banka,2029339,3018,672,86.87278642,24.8655681
Bihar,BE,Begusarai,Begusarai,2954367,1917,1540,86.09057109,25.5127194
Bihar,BG,Bhagalpur,Bhagalpur,3032226,2569,1180,87.13225355,25.28669805
Bihar,BJ,Bhojpur,Arrah,2720155,2473,1136,84.59683869,25.62345725
Bihar,BU,Buxar,Buxar,1707643,1624,1003,84.01567205,25.5620715
Bihar,DA,Darbhanga,Darbhanga,3921971,2278,1721,86.03257097,26.08314325
Bihar,EC,East Champaran,Motihari,5082868,3969,1281,84.95741062,26.66951195
Bihar,GA,Gaya,Gaya,4379383,4978,880,85.0079563,24.7964355
Bihar,GO,Gopalganj,Gopalganj,2558037,2033,1258,84.37406407,26.4207265
Bihar,JA,Jamui,Jamui,1756078,3099,567,86.17351147,24.96785205
Bihar,JE,Jehanabad,Jehanabad,1124176,1569,1206,85.00687849,25.15247135
Bihar,KM,Kaimur,Bhabua,1626900,3363,488,83.63359776,25.07634815
Bihar,KT,Katihar,Katihar,3068149,3056,1004,87.64765354,25.56090035
Bihar,KH,Khagaria,Khagaria,1657599,1486,1115,86.69910848,25.4916868
Bihar,KI,Kishanganj,Kishanganj,1690948,1884,898,87.95314811,26.29863795
Bihar,LA,Lakhisarai,Lakhisarai,1000717,1229,815,86.05935924,25.1677029
Bihar,MP,Madhepura,Madhepura,1994618,1787,1116,86.82042961,25.9259562
Bihar,MB,Madhubani,Madhubani,4476044,3501,1279,86.22914689,26.350072
Bihar,MG,Munger,Munger,1359054,1419,958,86.51720367,25.22081165
Bihar,MZ,Muzaffarpur,Muzaffarpur,4778610,3173,1506,85.34001282,26.1486581
Bihar,NL,Nalanda,Bihar Sharif,2872523,2354,1220,85.5208617,25.193859
Bihar,NW,Nawada,Nawada,2216653,2492,889,85.51855623,24.818124
Bihar,PA,Patna,Patna,5772804,3202,1803,85.1235252,25.6093239
Bihar,PU,Purnia,Purnia,3273127,3228,1014,87.4731227,25.7773601
Bihar,RO,Rohtas,Sasaram,2962593,3850,763,84.01821107,24.9001003
Bihar,SH,Saharsa,Saharsa,1897102,1702,1125,86.61489283,25.83264165
Bihar,SM,Samastipur,Samastipur,4254782,2905,1465,85.86626813,25.7744929
Bihar,SR,Saran,Chhapra,3943098,2641,1493,84.7514507,25.7784105
Bihar,SP,Sheikhpura,Sheikhpura,634927,689,922,85.81510621,25.12635425
Bihar,SO,Sheohar,Sheohar,656916,443,1882,85.2728056,26.49436945
Bihar,ST,Sitamarhi,Sitamarhi,3419622,2199,1491,85.5056744,26.5876547
Bihar,SW,Siwan,Siwan,3318176,2219,1495,84.39125661,26.1310043
Bihar,SU,Supaul,Supaul,2228397,2410,919,86.79658663,26.2768118
Bihar,VA,Vaishali,Hajipur,3495021,2036,1717,85.25555961,25.7205805
Bihar,WC,West Champaran,Bettiah,3935042,5229,753,84.56010679,26.79107275
Chhattisgarh, –,Balod,Balod,826165,3527,234,81.14335738,20.73218365
Chhattisgarh, –,Baloda Bazar,Baloda Bazar, –, –, –,82.43670692,21.57264595
Chhattisgarh, –,Balrampur,Balrampur,598855,3806,157,83.48245092,23.6263016
Chhattisgarh,BA,Bastar,Jagdalpur,1302253,4030,87,82.0235715,19.0870758
Chhattisgarh, –,Bemetara,Bemetara,197035,2855,69,81.43047623,21.6783969
Chhattisgarh,BJ,Bijapur,Bijapur,229832,6562,35,80.74151193,18.76904135
Chhattisgarh,BI,Bilaspur,Bilaspur,1961922,5818,337,82.133333,22.383333
Chhattisgarh,DA,Dantewada,Dantewada,533638,3411,59,81.38339469,18.8640648
Chhattisgarh,DH,Dhamtari,Dhamtari,799199,2029,394,81.70915146,20.53727665
Chhattisgarh,DU,Durg,Durg,3343079,8542,391,81.39795456,21.19903535
Chhattisgarh, –,Gariaband,Gariaband, –, –, –,82.24698985,20.42857015
Chhattisgarh, –,Gaurela-Pendra-Marwahi,Gaurela-Pendra-Marwahi, –, –, –,81.95776399,22.8322152
Chhattisgarh,JC,Janjgir-Champa,Naila Janjgir,1620632,3848,421,82.565318,22.0229287
Chhattisgarh,JA,Jashpur,Jashpur Nagar,852043,5825,146,22.7875,83.8473
Chhattisgarh,KW,Kabirdham,Kawardha,584667,4237,195,81.2332055,22.0059254
Chhattisgarh,KK,Kanker,Kanker,748593,6513,115,80.98109349,20.1270026
Chhattisgarh, –,Kondagaon,Kondagaon, –, –, –,81.74655021,19.70436465
Chhattisgarh,KB,Korba,Korba,1206563,6615,183,82.62951462,22.51976955
Chhattisgarh,KJ,Koriya,Baikunthpur,659039,6578,100,82.5599988,23.2648727
Chhattisgarh,MA,Mahasamund,Mahasamund,1032275,4779,216,82.48484762,21.1882332
Chhattisgarh, –,Mungeli,Mungeli, –, –, –,81.65401094,22.24451625
Chhattisgarh,NR,Narayanpur,Narayanpur,140206,6640,20,81.11369855,19.5842032
Chhattisgarh,RG,Raigarh,Raigarh,1493627,7068,211,83.5,22.5
Chhattisgarh,RP,Raipur,Raipur,4062160,13083,310,81.6336833,21.2379469
Chhattisgarh,RN,Rajnandgaon,Rajnandgaon,1537520,8062,191,80.69155548,20.9727404
Chhattisgarh,SK,Sukma,Sukma,249000,5636,49,81.29252341,18.26654225
Chhattisgarh,SJ,Surajpur,Surajpur,660280,6787,150,82.97290273,23.35151515
Chhattisgarh,SJ,Surguja,Ambikapur,420661,3265,150,83.1981886,23.1226343
Goa,NG,North Goa,Panaji,817761,1736,471,73.8282141,15.4989946
Goa,SG,South Goa,Margao,639962,1966,326,73.9583159,15.272923
Gujarat,AH,Ahmedabad,Ahmedabad,7208200,8707,890,72.5797068,23.0216238
Gujarat,AM,Amreli,Amreli,1513614,6760,205,70.75,20.866667
Gujarat,AN,Anand,Anand,2090276,2942,711,72.9625629,22.5584995
Gujarat,AR,Aravalli,Modasa,1051746,3217,327,73.2990631,23.4634245
Gujarat,BK,Banaskantha,Palanpur,3116045,12703,290,72.4366375,24.1709794
Gujarat,BR,Bharuch,Bharuch,1550822,6524,238,73,21.75
Gujarat,BV,Bhavnagar,Bhavnagar,2877961,11155,288,72.1416449,21.7718836
Gujarat,BT,Botad,Botad,656005,2564,256,71.6685,22.1686
Gujarat,CU,Chhota Udepur,Chhota Udepur,1071831,3237,331,74.0141067,22.3148736
Gujarat,DA,Dahod,Dahod,2126558,3642,582,74.2556782,22.8358542
Gujarat,DG,Dang,Ahwa,226769,1764,129,73.6873533,20.7587262
Gujarat,DD,Devbhoomi Dwarka,Khambhalia,752484,5684,132,69.58860476,22.211235
Gujarat,GA,Gandhinagar,Gandhinagar,1387478,649,660,72.6492267,23.2232877
Gujarat,GS,Gir Somnath,Veraval,1217477,3754,324,70.3781,20.9057
Gujarat,JA,Jamnagar,Jamnagar,2159130,14125,153,70.0552102,22.4732415
Gujarat,JU,Junagadh,Junagadh,2742291,8839,310,70.45917212,21.5185589
Gujarat,KH,Kheda,Nadiad,2298934,4215,541,72.8715199,22.6895073
Gujarat,KA,Kutch,Bhuj,2090313,45652,46,69.668339,23.2472446
Gujarat,MH,Mahisagar,Lunavada,994624,2500,398,73.6109564,23.1291709
Gujarat,MA,Mehsana,Mehsana,2027727,4386,462,72.37415155,23.60126285
Gujarat,MB,Morbi,Morbi,960329,4871,197,70.8345928,22.8176662
Gujarat,NR,Narmada,Rajpipla,590379,2749,214,73.5048135,21.8697448
Gujarat,NV,Navsari,Navsari,1330711,2211,602,72.9323831,20.952407
Gujarat,PM,Panchmahal,Godhra,2388267,5219,458,73.6245157,22.7785001
Gujarat,PA,Patan,Patan,1342746,5738,234,71.68373466,23.77405735
Gujarat,PO,Porbandar,Porbandar,586062,2294,255,69.611,21.6409
Gujarat,RA,Rajkot,Rajkot,3157676,11203,282,70.8028335,22.3051991
Gujarat,SK,Sabarkantha,Himatnagar,2427346,7390,328,72.9588273,23.5971246
Gujarat,ST,Surat,Surat,4996391,4327,653,72.8081281,21.1864607
Gujarat,SN,Surendranagar,Surendranagar,1755873,10489,167,71.666667,22.75
Gujarat,TA,Tapi,Vyara,806489,3435,249,73.3961041,21.1121
Gujarat,VD,Vadodara,Vadodara,3639775,7794,467,73.1942567,22.2973142
Gujarat,VL,Valsad,Valsad,1703068,3034,561,73.14117156,20.4324018
Harayana,AM,Ambala,Ambala,1136784,1569,722,30.2862,76.9643
Harayana,BH,Bhiwani,Bhiwani,1629109,5140,341,28.7752,75.9928
Harayana, –,Charkhi Dadri,Charkhi Dadri, –, –, –,28.5921,76.2653
Harayana,FR,Faridabad,Faridabad,1798954,783,2298,28.3128,28.3128
Harayana,FT,Fatehabad,Fatehabad,941522,2538,371,29.6455,75.6208
Harayana,GU,Gurgaon,Gurgaon,1514085,1258,1241,28.3606,76.8721
Harayana,HI,Hissar,Hissar,1742815,3788,438,29.1203,75.8069
Harayana,JH,Jhajjar,Jhajjar,956907,1868,522,28.6176,76.6875
Harayana,JI,Jind,Jind,1332042,2702,493,29.3613,76.3637
Harayana,KT,Kaithal,Kaithal,1072861,2799,467,29.7253,76.3637
Harayana,KR,Karnal,Karnal,1506323,2471,598,29.782,76.9182
Harayana,KU,Kurukshetra,Kurukshetra,964231,1530,630,29.9953,76.7798
Harayana,MA,Mahendragarh,Narnaul,921680,1900,485,28.1125,76.2247
Harayana,MW,Nuh,Nuh,1089406,1765,729,28.0107,77.0564
Harayana,PW,Palwal,Palwal,1040493,1367,761,28.1473,77.326
Harayana,PK,Panchkula,Panchkula,558890,816,622,30.6576,77.0564
Harayana,PP,Panipat,Panipat,1202811,1250,949,29.2853,76.9643
Harayana,RE,Rewari,Rewari,896129,1559,562,28.2828,76.5488
Harayana,RO,Rohtak,Rohtak,1058683,1668,607,28.8736,76.5026
Harayana,SI,Sirsa,Sirsa,1295114,4276,303,29.5611,74.8741
Harayana,SNP,Sonipat,Sonipat,1480080,2260,697,29.0523,76.9182
Harayana,YN,Yamuna Nagar,Yamuna Nagar,1214162,1756,687,30.1821,77.2865
Himachal Pradesh,BI,Bilaspur,Bilaspur,382056,1167,327,76.7611631,31.3380959
Himachal Pradesh,CH,Chamba,Chamba,518844,6528,80,76.5,32.5
Himachal Pradesh,HA,Hamirpur,Hamirpur,454293,1118,406,76.5036832,31.7491333
Himachal Pradesh,KA,Kangra,Dharamshala,1507223,5739,263,76.3196717,32.2143039
Himachal Pradesh,KI,Kinnaur,Reckong Peo,84298,6401,13,78.2708218,31.5421419
Himachal Pradesh,KU,Kullu,Kullu,437474,5503,79,77.3789964,32.00186325
Himachal Pradesh,LS,Lahaul and Spiti,Keylong,31528,13835,2,77.03476,32.5717201
Himachal Pradesh,MA,Mandi,Mandi,999518,3950,253,76.95331691,31.6723392
Himachal Pradesh,SH,Shimla,Shimla,813384,5131,159,77.1709729,31.1041526
Himachal Pradesh,SI,Sirmaur,Nahan,530164,2825,188,77.25728517,30.56256885
Himachal Pradesh,SO,Solan,Solan,576670,1936,298,77.08200509,30.92589585
Himachal Pradesh,UN,Una,Una,521057,1540,328,76.25,31.583333
Jharkhand,BO,Bokaro,Bokaro,2061918,2861,716,85.99106894,23.69912795
Jharkhand,CH,Chatra,Chatra,1042304,3700,275,84.87817692,24.20162495
Jharkhand,DE,Deoghar,Deoghar,1491879,2479,602,86.60673245,24.4766423
Jharkhand,DH,Dhanbad,Dhanbad,2682662,2075,1284,86.4309638,23.7952809
Jharkhand,DU,Dumka,Dumka,1321096,4404,300,87.30064714,24.2538512
Jharkhand,ES,East Singhbhum,Jamshedpur,2291032,3533,648,86.2029579,22.8015194
Jharkhand,GA,Garhwa,Garhwa,1322387,4064,327,83.82522584,24.15529035
Jharkhand,GI,Giridih,Giridih,2445203,4887,497,85.916667,24.25
Jharkhand,GO,Godda,Godda,1311382,2110,622,87.29285062,24.74334305
Jharkhand,GU,Gumla,Gumla,1025656,5327,193,84.57384807,23.0916741
Jharkhand,HA,Hazaribag,Hazaribag,1734005,4302,403,85.25,24
Jharkhand,JA,Jamtara,Jamtara,790207,1802,439,86.77353494,23.9232867
Jharkhand,KH,Khunti,Khunti,530299,2467,215,85.34545936,23.10018105
Jharkhand,KO,Koderma,Koderma,717169,1312,427,85.55608107,24.4931239
Jharkhand,LA,Latehar,Latehar,725673,3630,200,84.51301367,23.74186545
Jharkhand,LO,Lohardaga,Lohardaga,461738,1494,310,84.73568423,23.46920055
Jharkhand,PK,Pakur,Pakur,899200,1805,498,87.8556962,24.6379064
Jharkhand,PL,Palamu,Daltonganj,1936319,5082,381,84.0723287,24.0383082
Jharkhand,RM,Ramgarh,Ramgarh,949159,1212,684,85.53691565,23.59877595
Jharkhand,RA,Ranchi,Ranchi,2912022,7974,557,85.3250132,23.3700354
Jharkhand,SA,Sahibganj,Sahebganj,1150038,1599,719,87.6343064,25.2361196
Jharkhand,SK,Seraikela Kharsawan,Seraikela,1063458,2725,390,85.91965399,22.8233693
Jharkhand,SI,Simdega,Simdega,599813,3750,160,84.55026791,22.6664325
Jharkhand,WS,West Singhbhum,Chaibasa,1501619,7186,209,85.81888765,22.5483518
Karnataka,BK,Bagalkot,Bagalkot,1890826,6583,288,75.6967919,16.1853166
Karnataka,BL,Ballari,Ballari,2532383,8439,300,76.8323648,15.2485413
Karnataka,BG,Belgaum,Belgaum,4778439,13415,356,74.5069343,15.8572666
Karnataka,BR,Bangalore Rural,Bangalore,987257,2239,441,77.5912997,12.9791198
Karnataka,BN,Bangalore Urban,Bangalore,9588910,2190,4378,77.5912997,12.9791198
Karnataka,BD,Bidar,Bidar,1700018,5448,312,77.333333,18.083333
Karnataka,CJ,Chamarajnagar,Chamarajanagar,1020962,5102,200,77.10844688,11.9536118
Karnataka,CK,Chikkaballapur,Chikkaballapur,1254377,4208,298,77.7306866,13.4352549
Karnataka,CK,Chikkamagaluru,Chikmagalur,1137753,7201,158,75.5,13.5
Karnataka,CT,Chitradurga,Chitradurga,1660378,8437,197,76.4005122,14.2266443
Karnataka,DK,Dakshina Kannada,Mangaluru,2083625,4559,457,74.8430082,12.8698101
Karnataka,DA,Davanagere,Davangere,1946905,5926,329,75.91975079,14.4664457
Karnataka,DH,Dharwad,Dharwad,1846993,4265,434,75.0066516,15.4540505
Karnataka,GA,Gadag,Gadag-Betageri,1065235,4651,229,75.60366357,15.42222445
Karnataka,GU,Gulbarga,Gulbarga,2564892,10990,233,77.083333,17.166667
Karnataka,HS,Hassan,Hassan,1776221,6814,261,76.0992703,13.0070817
Karnataka,HV,Haveri,Haveri,1598506,4825,331,75.3996731,14.7874825
Karnataka,KD,Kodagu,Madikeri,554762,4102,135,75.7387543,12.42149
Karnataka,KL,Kolar,Kolar,1540231,4012,384,78.1339606,13.1369996
Karnataka,KP,Koppal,Koppal,1391292,5565,250,76.1547421,15.3484144
Karnataka,MA,Mandya,Mandya,1808680,4961,365,76.8961961,12.5238888
Karnataka,MY,Mysuru,Mysore,2994744,6854,437,76.6553609,12.3051828
Karnataka,RA,Raichur,Raichur,1924773,6839,228,77.166667,16.083333
Karnataka,RM,Ramanagara,Ramanagara,1082739,3573,303,74.4900863,15.422047
Karnataka,SH,Shimoga,Shimoga,1755512,8495,207,75.569737,13.9311723
Karnataka,TU,Tumakuru,Tumakuru,2681449,10598,253,77.1006208,13.3400771
Karnataka,UD,Udupi,Udupi,1177908,3879,304,74.7473232,13.3419169
Karnataka,UK,Uttara Kannada,Karwar,1353299,10291,132,74.1319229,14.8120931
Karnataka,BJ,Vijayapura,Vijayapura,2175102,10517,207,75.916667,16.666667
Karnataka,YG,Yadgir,Yadgir,1172985,5225,224,77.1380381,16.7689044
Kerala,AL,Alappuzha,Alappuzha,2121943,1414,1501,76.41256411,9.48870055
Kerala,ER,Ernakulam,Kakkanad,3279860,2951,1069,76.34275,10.01657
Kerala,ID,Idukki,Painavu,1107453,4479,254,76.9459575,9.8523888
Kerala,KN,Kannur,Kannur,2525637,2966,852,75.3738043,11.8762254
Kerala,KS,Kasaragod,Kasaragod,1302600,1992,654,75.19044977,12.42171305
Kerala,KL,Kollam,Kollam,2629703,2498,1056,76.63741002,8.9020314
Kerala,KT,Kottayam,Kottayam,1979384,2203,896,76.64552503,9.62857045
Kerala,KZ,Kozhikode,Kozhikode,3089543,2345,1318,75.7759372,11.2446144
Kerala,MA,Malappuram,Malappuram,4110956,3550,1058,76.1099551,11.10684475
Kerala,PL,Palakkad,Palakkad,2810892,4480,627,76.6512469,10.7691989
Kerala,PT,Pathanamthitta,Pathanamthitta,1195537,2462,453,76.96066276,9.2834044
Kerala,TS,Thrissur,Thrissur,3110327,3032,1026,76.2132542,10.5256264
Kerala,TV,Thiruvananthapuram,Thiruvananthapuram,3307284,2192,1509,76.9570481,8.5058909
Kerala,WA,Wayanad,Kalpetta,816558,2131,383,76.0851692,11.6136614
Madhya Pradesh,AG,Agar Malwa,Agar, –, –, –,76.0176929,23.7127275
Madhya Pradesh,AL,Alirajpur,Alirajpur,728677,3182,229,74.35468609,22.28593955
Madhya Pradesh,AP,Anuppur,Anuppur,749521,3747,200,81.38844385,23.03525965
Madhya Pradesh,AS,Ashok Nagar,Ashok Nagar,844979,4674,181,77.8788306,24.6185442
Madhya Pradesh,BL,Balaghat,Balaghat,1701156,9229,184,80.32141873,21.8611181
Madhya Pradesh,BR,Barwani,Barwani,1385659,5432,256,74.89175175,21.75194325
Madhya Pradesh,BE,Betul,Betul,1575247,10043,157,77.87568125,21.8796162
Madhya Pradesh,BD,Bhind,Bhind,1703562,4459,382,78.75,26.5
Madhya Pradesh,BP,Bhopal,Bhopal,2368145,2772,854,77.3962718,23.2530923
Madhya Pradesh,BU,Burhanpur,Burhanpur,756993,3427,221,76.2291992,21.3118839
Madhya Pradesh,,Chachaura,Chachaura,,,,77.0000858,24.1778426
Madhya Pradesh,CT,Chhatarpur,Chhatarpur,1762857,8687,203,79.75,24.75
Madhya Pradesh,CN,Chhindwara,Chhindwara,2090306,11815,177,78.80964495,22.13983105
Madhya Pradesh,DM,Damoh,Damoh,1263703,7306,173,79.583333,23.75
Madhya Pradesh,DT,Datia,Datia,786375,2694,292,78.5,25.75
Madhya Pradesh,DE,Dewas,Dewas,1563107,7020,223,76.166667,23
Madhya Pradesh,DH,Dhar,Dhar,2184672,8153,268,75.25,22.5
Madhya Pradesh,DI,Dindori,Dindori,704218,7427,94,80.8851143,22.90736865
Madhya Pradesh,GU,Guna,Guna,1240938,6485,194,77.5,24.5
Madhya Pradesh,GW,Gwalior,Gwalior,2030543,5465,445,78.1573628,26.2037247
Madhya Pradesh,HA,Harda,Harda,570302,3339,171,77.0929933,22.3388828
Madhya Pradesh,HO,Hoshangabad,Hoshangabad,1240975,6698,185,77.92664521,22.6001502
Madhya Pradesh,IN,Indore,Indore,3272335,3898,839,75.8681124,22.7205162
Madhya Pradesh,JA,Jabalpur,Jabalpur,2460714,5210,472,79.9497702,23.1608938
Madhya Pradesh,JH,Jhabua,Jhabua,1024091,6782,285,74.72513369,22.88585225
Madhya Pradesh,KA,Katni,Katni,1291684,4947,261,80.392456,23.8339621
Madhya Pradesh,EN,Khandwa (East Nimar),Khandwa,1309443,7349,178,76.56882823,21.9778642
Madhya Pradesh,WN,Khargone (West Nimar),Khargone,1872413,8010,233,75.6064577,21.8187743
Madhya Pradesh,,Maihar,Maihar,,,,80.7592749,24.260444
Madhya Pradesh,ML,Mandla,Mandla,1053522,5805,182,80.58150562,22.68536625
Madhya Pradesh,MS,Mandsaur,Mandsaur,1339832,5530,242,75.38718194,24.2651306
Madhya Pradesh,MO,Morena,Morena,1965137,4991,394,77.5,26.166667
Madhya Pradesh,NA,Narsinghpur,Narsinghpur,1092141,5133,213,79.1980228,22.9467047
Madhya Pradesh,,Nagda,Nagda,,,,75.4191114,23.4578957
Madhya Pradesh,NE,Neemuch,Neemuch,825958,4267,194,75.18339615,24.63044655
Madhya Pradesh, –,Niwari,Niwari, –, –, –,78.66785017,25.3124704
Madhya Pradesh,PA,Panna,Panna,1016028,7135,142,80.25,24.5
Madhya Pradesh,RS,Raisen,Raisen,1331699,8466,157,78.083333,23.25
Madhya Pradesh,RG,Rajgarh,Rajgarh,1546541,6143,251,76.7748902,23.87167135
Madhya Pradesh,RL,Ratlam,Ratlam,1454483,4861,299,74.95284519,23.50195775
Madhya Pradesh,RE,Rewa,Rewa,2363744,6314,374,81.65500021,24.75926685
Madhya Pradesh,SG,Sagar,Sagar,2378295,10252,272,78.75911361,23.80961225
Madhya Pradesh,ST,Satna,Satna,2228619,7502,297,81,24.5
Madhya Pradesh,SR,Sehore,Sehore,1311008,6578,199,77.06623939,23.1156882
Madhya Pradesh,SO,Seoni,Seoni,1378876,8758,157,79.72104465,22.2758789
Madhya Pradesh,SH,Shahdol,Shahdol,1064989,6205,172,81.43026444,23.6522784
Madhya Pradesh,SJ,Shajapur,Shajapur,1512353,6196,244,76.62051527,23.37074105
Madhya Pradesh,SP,Sheopur,Sheopur,687952,6585,104,76.6954843,25.6656611
Madhya Pradesh,SV,Shivpuri,Shivpuri,1725818,10290,168,77.82811933,25.37524125
Madhya Pradesh,SI,Sidhi,Sidhi,1126515,10520,232,82,24.25
Madhya Pradesh,SN,Singrauli,Waidhan,1178132,5672,208,82.6268717,24.0657792
Madhya Pradesh,TI,Tikamgarh,Tikamgarh,1444920,5055,286,79.04698124,24.85450275
Madhya Pradesh,UJ,Ujjain,Ujjain,1986864,6091,356,75.7851423,23.174597
Madhya Pradesh,UM,Umaria,Umaria,643579,4062,158,80.94078063,23.6458775
Madhya Pradesh,VI,Vidisha,Vidisha,1458212,7362,198,78,23.916667
Maharashtra,AH,Ahmednagar,Ahmednagar,4543083,17048,266,74.8580243,19.1627725
Maharashtra,AK,Akola,Akola,1818617,5429,321,77.19217163,20.7618624
Maharashtra,AM,Amravati,Amravati,2887826,12235,237,77.64429618,21.15454115
Maharashtra,AU,Aurangabad,Aurangabad,3695928,10107,365,75.3390241,19.877263
Maharashtra,BI,Beed,Beed,2585962,10693,242,75.7542291,18.9904059
Maharashtra,BH,Bhandara,Bhandara,1198810,3890,293,79.79328027,21.12281545
Maharashtra,BU,Buldhana,Buldhana,2588039,9661,268,76.416667,20.583333
Maharashtra,CH,Chandrapur,Chandrapur,2194262,11443,192,79.50454752,20.0967555
Maharashtra,DH,Dhule,Dhule,2048781,8095,285,74.47891181,21.13050145
Maharashtra,GA,Gadchiroli,Gadchiroli,1071795,14412,74,80.16228073,19.75907035
Maharashtra,GO,Gondia,Gondia,1322331,5431,253,80.1962729,21.455228
Maharashtra,HI,Hingoli,Hingoli,1178973,4526,244,77.17376601,19.54140965
Maharashtra,JG,Jalgaon,Jalgaon,4224442,11765,359,75.52592659,20.84351185
Maharashtra,JN,Jalna,Jalna,1958483,7718,255,75.86862469,19.9182328
Maharashtra,KO,Kolhapur,Kolhapur,3874015,7685,504,74.2405329,16.7028412
Maharashtra,LA,Latur,Latur,2455543,7157,343,76.75512122,18.35146855
Maharashtra,MC,Mumbai City,Mumbai,3145966,69,20038,72.8353355,18.9387711
Maharashtra,MU,Mumbai suburban,Bandra (East),9332481,369,20925,72.8498111,19.0616565
Maharashtra,ND,Nanded,Nanded,3356566,10528,319,77.48319215,19.09400875
Maharashtra,NB,Nandurbar,Nandurbar,1646177,5055,276,74.28400358,21.36599895
Maharashtra,NG,Nagpur,Nagpur,4653171,9892,470,79.0820556,21.1498134
Maharashtra,NS,Nashik,Nashik,6109052,15539,393,73.7902364,20.0112475
Maharashtra,OS,Osmanabad,Osmanabad,1660311,7569,219,76.11796321,18.16984395
Maharashtra, –,Palghar,Palghar,2990116,5344,560,72.82537343,19.68086385
Maharashtra,PA,Parbhani,Parbhani,1835982,6511,295,76.60290343,19.29031365
Maharashtra,PU,Pune,Pune,9426959,15643,603,73.8544541,18.521428
Maharashtra,RG,Raigad,Alibag,2635394,7152,368,72.95201127,18.6571882
Maharashtra,RT,Ratnagiri,Ratnagiri,1612672,8208,196,73.4569787,17.2826079
Maharashtra,SN,Sangli,Sangli,2820575,8572,329,74.5948885,16.8502534
Maharashtra,ST,Satara,Satara,3003922,10475,287,74.29827808,17.63612885
Maharashtra,SI,Sindhudurg,Oros,848868,5207,163,73.7078762,16.1163272
Maharashtra,SO,Solapur,Solapur,4315527,14895,290,75.27632027,17.84990665
Maharashtra,TH,Thane,Thane,11060148,4214,1157,72.9701779,19.1943294
Maharashtra,WR,Wardha,Wardha,1296157,6309,205,78.6131455,20.82562315
Maharashtra,WS,Washim,Washim,1196714,5155,244,77.23606281,20.28792095
Maharashtra,YA,Yavatmal,Yavatmal,2775457,13582,204,78.35,20.15
Manipur,BI,Bishnupur,Bishnupur,240363,496,415,93.80124837,24.56246365
Manipur,CD,Chandel,Chandel,144028,3317,37,94.02109882,24.3197442
Manipur,CC,Churachandpur,Churachandpur,271274,4574,50,93.6970015,24.378704
Manipur,EI,Imphal East,Porompat,452661,710,555,93.97222976,24.81338635
Manipur,WI,Imphal West,Lamphelpat,514683,519,847,93.91307583,24.800497
Manipur, –,Jiribam,Jiribam, –, –, –,93.15490009,24.6778472
Manipur,KAK,Kakching,Kakching, –, –, –,93.8801324,24.38904015
Manipur, –,Kamjong,Kamjong, –, –, –,94.52830741,24.8409769
Manipur,KPI,Kangpokpi,Kangpokpi, –, –, –,93.9714932,25.1524326
Manipur, –,Noney,Noney (Longmai), –, –, –,24.8547,93.6167
Manipur,PZ,Pherzawl,Pherzawl, –, –, –,93.1906004,24.2595653
Manipur,SE,Senapati,Senapati,354772,3269,116,94.05698542,25.3804396
Manipur,TA,Tamenglong,Tamenglong,140143,4391,25,93.56791112,24.9354013
Manipur, –,Tengnoupal,Tengnoupal, –, –, –,94.23756082,24.31392145
Manipur,TH,Thoubal,Thoubal,420517,514,713,94.04247928,24.624587
Manipur,UK,Ukhrul,Ukhrul,183115,4547,31,94.38239282,25.10926685
Meghalaya,EG,East Garo Hills,Williamnagar,317618,2603,121,90.60381,25.506085
Meghalaya,EK,East Khasi Hills,Shillong,824059,2752,292,91.8825282,25.5760446
Meghalaya, –,East Jaintia Hills,Khliehriat,122436,2115,58,92.31947708,25.2453874
Meghalaya, –,North Garo Hills,Resubelpara,118325,1113,106,90.58537122,25.88928395
Meghalaya,RB,Ri Bhoi,Nongpoh,258380,2378,109,91.8812907,25.8989839
Meghalaya,SG,South Garo Hills,Baghmara,142574,1850,77,90.64343467,25.3610902
Meghalaya, –,South West Garo Hills,Ampati, –, –, –,89.9367062,25.4704958
Meghalaya, –,South West Khasi Hills,Mawkyrwat,110152,1341,82,91.34890864,25.3861004
Meghalaya,WG,West Jaintia Hills,Jowai,270352,1693,160,92.1955478,25.441116
Meghalaya,WG,West Garo Hills,Tura,642923,3714,173,90.2066783,25.517377
Meghalaya,WK,West Khasi Hills,Nongstoin,385601,5247,73,91.25408027,25.57263945
Mizoram,AI,Aizawl,Aizawl,404054,3577,113,92.7209297,23.7414092
Mizoram,CH,Champhai,Champhai,125370,3168,39,93.3483912,23.69082385
Mizoram,KO,Kolasib,Kolasib,83054,1386,60,92.71331813,24.18947525
Mizoram,LA,Lawngtlai,Lawngtlai,117444,2519,46,92.81195361,22.34596495
Mizoram,LU,Lunglei,Lunglei,154094,4572,34,92.75192292,22.898553
Mizoram,MA,Mamit,Mamit,85757,2967,28,92.45173569,23.75590845
Mizoram,SA,Saiha,Saiha,56366,1414,40,92.97798989,22.4995518
Mizoram,SE,Serchhip,Serchhip,64875,1424,46,92.93059891,23.3858923
Nagaland,DI,Dimapur,Dimapur,379769,926,410,93.7283707,25.9135914
Nagaland,KI,Kiphire,Kiphire,74033,1255,66,94.841664,25.81551155
Nagaland,KO,Kohima,Kohima,270063,1041,213,94.166667,25.75
Nagaland,LO,Longleng,Longleng,50593,885,89,94.77214247,26.49031725
Nagaland,MK,Mokokchung,Mokokchung,193171,1615,120,94.51052755,26.4795861
Nagaland,MN,Mon,Mon,259604,1786,145,94.833333,26.75
Nagaland, –,Noklak,Noklak, –, –, –,95.06060465,26.20645
Nagaland,PE,Peren,Peren,163294,2300,55,93.72563659,25.47907705
Nagaland,PH,Phek,Phek,163294,2026,81,94.5,25.75
Nagaland,TU,Tuensang,Tuensang,414801,4228,98,94.85819822,26.1685055
Nagaland,WO,Wokha,Wokha,166239,1628,120,94.25,26.166667
Nagaland,ZU,Zunheboto,Zunheboto,141014,1255,112,94.5,26
Odisha,AN,Angul,Angul,1271703,6347,199,85.0973949,20.8382426
Odisha,BD,Boudh (Bauda),Boudh,439917,4289,142,84.3213321,20.8415619
Odisha,BH,Bhadrak,Bhadrak,1506522,2788,601,86.5053731,21.0633288
Odisha,BL,Balangir,Balangir,1648574,6552,251,83.25,20.75
Odisha,BR,Bargarh (Baragarh),Bargarh,1478833,5832,253,83.65427922,21.3474637
Odisha,BW,Balasore,Balasore,2317419,3706,609,86.9202627,21.5002888
Odisha,CU,Cuttack,Cuttack,2618708,3915,666,85.8792,20.4686
Odisha,DE,Debagarh (Deogarh),Debagarh,312164,2781,106,84.7433017,21.5934771
Odisha,DH,Dhenkanal,Dhenkanal,1192948,4597,268,85.5,20.75
Odisha,GN,Ganjam,Chhatrapur,3520151,8033,429,84.95825967,19.41311275
Odisha,GP,Gajapati,Paralakhemundi,575880,3056,133,84.05014548,18.84322275
Odisha,JH,Jharsuguda,Jharsuguda,579499,2202,274,84.00905064,21.87705125
Odisha,JP,Jajpur,Panikoili,1826275,2885,630,86.24760355,20.92663025
Odisha,JS,Jagatsinghpur,Jagatsinghpur,1136604,1759,681,86.1660878,20.2593872
Odisha,KH,Khordha,Khordha,2246341,2888,799,85.56059465,20.22564715
Odisha,KJ,Kendujhar (Keonjhar),Kendujhar,1802777,8336,217,85.66878414,21.5892323
Odisha,KL,Kalahandi,Bhawanipatna,1573054,8197,199,83.1678321,19.9104952
Odisha,KN,Kandhamal,Phulbani,731952,6004,91,84.2348517,20.4762322
Odisha,KO,Koraput,Koraput,1376934,8534,156,82.60811828,18.7232023
Odisha,KP,Kendrapara,Kendrapara,1439891,2546,545,86.43170623,20.50040085
Odisha,ML,Malkangiri,Malkangiri,612727,6115,106,81.89823749,18.35835435
Odisha,MY,Mayurbhanj,Baripada,2513895,10418,241,86.7324,21.9349
Odisha,NB,Nabarangpur,Nabarangpur,1218762,5135,230,82.5668344,19.2288319
Odisha,NU,Nuapada,Nuapada,606490,3408,157,82.51862846,20.76909975
Odisha,NY,Nayagarh,Nayagarh,962215,3954,247,85.11195644,20.1160666
Odisha,PU,Puri,Puri,1697983,3055,488,85.8252538,19.8076083
Odisha,RA,Rayagada,Rayagada,961959,7585,136,84.19287455,18.96599855
Odisha,SA,Sambalpur,Sambalpur,1044410,6702,158,83.883333,21.4
Odisha,SO,Subarnapur (Sonepur),Subarnapur,652107,2284,279,84.5144503,19.08143
Odisha,SU,Sundargarh,Sundargarh,2080664,9942,214,84.5,22.25
Punjab,AM,Amritsar,Amritsar,2490891,2673,932,74.8736788,31.6343083
Punjab,BNL,Barnala,Barnala,596294,1423,419,75.50401742,30.3704685
Punjab,BA,Bathinda,Bathinda,1388859,3355,414,75.04710156,30.17911535
Punjab,FI,Firozpur,Firozpur,2026831,5334,380,74.66014081,30.88510035
Punjab,FR,Faridkot,Faridkot,618008,1472,424,74.79477423,30.60092505
Punjab,FT,Fatehgarh Sahib,Fatehgarh Sahib,599814,1180,508,76.38002164,30.6600764
Punjab,FA,Fazilka[13],Fazilka,Survey Pending,Pending, Pending,74.11794319,30.3360996
Punjab,GU,Gurdaspur,Gurdaspur,2299026,3542,649,75.22738141,31.9042299
Punjab,HO,Hoshiarpur,Hoshiarpur,1582793,3397,466,75.84644247,31.60857425
Punjab,JA,Jalandhar,Jalandhar,2181753,2625,831,75.56805772,31.29201065
Punjab,KA,Kapurthala,Kapurthala,817668,1646,501,75.30552274,31.38524095
Punjab,LU,Ludhiana,Ludhiana,3487882,3744,975,75.851601,30.9090157
Punjab,MA,Mansa,Mansa,768808,2174,350,75.48898661,29.8769971
Punjab,MO,Moga,Moga,992289,2235,444,75.16057423,30.7839866
Punjab,MU,Sri Muktsar Sahib,Sri Muktsar Sahib,902702,2596,348,74.5182,30.4692
Punjab,PA,Pathankot,Pathankot,626154,929,674,75.65864247,32.3017104
Punjab,PA,Patiala,Patiala,2892282,3175,596,76.33987209,30.2090874
Punjab,RU,Rupnagar,Rupnagar,683349,1400,488,76.52726739,31.09168085
Punjab,SAS,Sahibzada Ajit Singh Nagar,Mohali,986147,1188,830,76.0484147,30.450764
Punjab,SA,Sangrur,Sangrur,1654408,3685,449,75.81842243,30.2093363
Punjab,PB,Shahid Bhagat Singh Nagar,Nawanshahr,614362,1283,479,76.15768481,31.1268889
Punjab,TT,Tarn Taran,Tarn Taran Sahib,1120070,2414,464,74.9269621,31.4555254
Rajasthan,AJ,Ajmer,Ajmer,2584913,8481,305,74.639,26.4691
Rajasthan,AL,Alwar,Alwar,3671999,8380,438,76.61445249,27.63907705
Rajasthan,BI,Bikaner,Bikaner,2367745,27244,78,73.3171367,28.0159286
Rajasthan,BM,Barmer,Barmer,2604453,28387,92,71.61966243,25.5819034
Rajasthan,BN,Banswara,Banswara,1798194,5037,399,74.34840231,23.4930788
Rajasthan,BP,Bharatpur,Bharatpur,2549121,5066,503,77.36912555,27.26521245
Rajasthan,BR,Baran,Baran,1223921,6955,175,76.69640322,24.9171512
Rajasthan,BU,Bundi,Bundi,1113725,5550,193,75.833333,25.5
Rajasthan,BW,Bhilwara,Bhilwara,2410459,10455,230,74.69961284,25.48877345
Rajasthan,CR,Churu,Churu,2041172,16830,148,74.6919073,28.2061443
Rajasthan,CT,Chittorgarh,Chittorgarh,1544392,10856,193,74.47214697,24.718026
Rajasthan,DA,Dausa,Dausa,1637226,3429,476,76.4437457,26.80486585
Rajasthan,DH,Dholpur,Dholpur,1207293,3084,398,77.8967857,26.7009896
Rajasthan,DU,Dungarpur,Dungarpur,1388906,3771,368,73.75,23.666667
Rajasthan,GA,Ganganagar,Ganganagar,1969520,10990,179,73.87929341,29.9049489
Rajasthan,HA,Hanumangarh,Hanumangarh,1779650,9670,184,74.29836365,29.36720015
Rajasthan,JJ,Jhunjhunu,Jhunjhunu,2139658,5928,361,75.3992581,28.1287995
Rajasthan,JL,Jalore,Jalore,1830151,10640,172,72.6260916,25.3476006
Rajasthan,JO,Jodhpur,Jodhpur,3685681,22850,161,73.0351433,26.2967719
Rajasthan,JP,Jaipur,Jaipur,6663971,11152,598,75.820349,26.916194
Rajasthan,JS,Jaisalmer,Jaisalmer,672008,38401,17,70.77850562,27.02801615
Rajasthan,JW,Jhalawar,Jhalawar,1411327,6219,227,76.52223626,24.3132368
Rajasthan,KA,Karauli,Karauli,1458459,5530,264,77.05772977,26.51668105
Rajasthan,KO,Kota,Kota,1950491,5446,374,76.00089331,25.1968256
Rajasthan,NA,Nagaur,Nagaur,3309234,17718,187,74.17667538,27.0607859
Rajasthan,PA,Pali,Pali,2038533,12387,165,73.41560879,25.6040908
Rajasthan,PG,Pratapgarh,Pratapgarh,868231,4112,211,74.7801315,24.0333495
Rajasthan,RA,Rajsamand,Rajsamand,1158283,3853,302,73.82449247,25.29131615
Rajasthan,SK,Sikar,Sikar,2677737,7732,346,75.02792629,27.662826
Rajasthan,SM,Sawai Madhopur,Sawai Madhopur,1338114,4500,257,76.30453277,26.22914115
Rajasthan,SR,Sirohi,Sirohi,1037185,5136,202,72.83002573,24.8114047
Rajasthan,TO,Tonk,Tonk,1421711,7194,198,75.66375374,26.12214725
Rajasthan,UD,Udaipur,Udaipur,3067549,13430,242,73.6862571,24.578721
Sikkim,ES,East Sikkim,Gangtok,281293,954,295,88.6122673,27.329046
Sikkim,NS,North Sikkim,Mangan,43354,4226,10,88.40250604,27.52996555
Sikkim,SS,South Sikkim,Namchi,146742,750,196,88.41269169,27.1716157
Sikkim,WS,West Sikkim,Geyzing,136299,1166,117,88.256922,27.291121
Tamil Nadu,AY,Ariyalur,Ariyalur,752481,3208,387,79.11745538,11.07603595
Tamil Nadu,CG,Chengalpattu,Chengalpattu,Survey pending,Pending,Pending,79.99931907,12.76657415
Tamil Nadu,CH,Chennai,Chennai,4681087,174,26903,80.2838331,13.0801721
Tamil Nadu,CO,Coimbatore,Coimbatore,3472578,7469,748,76.9628425,11.0018115
Tamil Nadu,CU,Cuddalore,Cuddalore,2600880,3999,702,79.75030644,11.74269375
Tamil Nadu,DH,Dharmapuri,Dharmapuri,1502900,4532,332,78.19304301,12.09680475
Tamil Nadu,DI,Dindigul,Dindigul,2161367,6058,357,78.06739791,10.3303299
Tamil Nadu,ER,Erode,Erode,2259608,5714,397,77.67662687,11.3692044
Tamil Nadu,KL,Kallakurichi,Kallakurichi,Survey pending,Pending,Pending,79.03882106,11.79468465
Tamil Nadu,KC,Kanchipuram,Kanchipuram,3990897,4433,927,79.9839686,12.9647163
Tamil Nadu,KK,Kanyakumari,Nagercoil,1863178,1685,1106,77.4290492,8.1880471
Tamil Nadu,KA,Karur,Karur,1076588,2901,371,78.08485455,10.9301522
Tamil Nadu,KR,Krishnagiri,Krishnagiri,1883731,5086,370,78.2206536,12.5188835
Tamil Nadu,MA,Madurai,Madurai,3991038,3676,823,78.1140983,9.9261153
Tamil Nadu,,Mayiladuthurai,Mayiladuthurai,,,,79.62739426,11.1551822
Tamil Nadu,NG,Nagapattinam,Nagapattinam,1614069,2716,668,79.82465978,10.8056276
Tamil Nadu,NI,Nilgiris,Ooty,735071,2549,288,76.69591556,11.4037401
Tamil Nadu,NM,Namakkal,Namakkal,1721179,3429,506,78.23739802,11.2191319
Tamil Nadu,PE,Perambalur,Perambalur,564511,1752,323,78.81825555,11.2287716
Tamil Nadu,PU,Pudukkottai,Pudukkottai,1918725,4651,348,78.833333,10.5
Tamil Nadu,RA,Ramanathapuram,Ramanathapuram,1337560,4123,320,78.85907072,9.3895523
Tamil Nadu,RN,Ranipet,Ranipet,Survey pending,Pending,Pending,79.3330076,12.9272641
Tamil Nadu,SA,Salem,Salem,3480008,5245,663,78.1602498,11.6612012
Tamil Nadu,SI,Sivaganga,Sivaganga,1341250,4086,324,78.53047155,9.851231
Tamil Nadu,TE,Tenkasi,Tenkasi,Survey pending,Pending,Pending,77.4758369,9.09407535
Tamil Nadu,TP,Tirupur,Tirupur,2471222,5106,476,77.3472673,11.1671878
Tamil Nadu,TC,Tiruchirappalli,Tiruchirappalli,2713858,4407,602,78.6870296,10.804973
Tamil Nadu,TH,Theni,Theni,1243684,3066,433,77.47420049,9.9696643
Tamil Nadu,TI,Tirunelveli,Tirunelveli,3072880,6703,458,77.8114843,8.8082342
Tamil Nadu,TJ,Thanjavur,Thanjavur,2402781,3397,691,79.1381497,10.7860267
Tamil Nadu,TK,Thoothukudi,Thoothukudi,1738376,4594,378,78.1452745,8.8052602
Tamil Nadu,TP,Tirupattur,Tirupattur,1111812,1797,618,78.5618167,12.4983561
Tamil Nadu,TL,Tiruvallur,Tiruvallur,3725697,3424,1049,79.9073038,13.1394358
Tamil Nadu,TR,Tiruvarur,Tiruvarur,1268094,2377,533,79.6279725,10.7745978
Tamil Nadu,TV,Tiruvannamalai,Tiruvannaamalai,2468965,6191,399,12.2253,79.0747
Tamil Nadu,VE,Vellore,Vellore,3928106,6077,646,79.0006411,12.7948109
Tamil Nadu,VL,Viluppuram,Viluppuram,3463284,7190,462,79.50789298,11.9137874
Tamil Nadu,VR,Virudhunagar,Virudhunagar,1943309,3446,454,77.8784564,9.5208936
Telangana,AD,Adilabad,Adilabad,708952,4185.97,171,78.5,19.5
Telangana, –,Komaram Bheem,Komaram Bheem,515835,4300.16,106,19.3619,79.293
Telangana, –,Bhadradri Kothagudem,Kothagudem,1304811,8951,143,80.6116162,17.5456307
Telangana,HY,Hyderabad,Hyderabad,3441992,4325.29,18172,78.46106473,17.38878595
Telangana, –,Jagtial,Jagtial,983414,3043.23,407,78.91506633,18.82135895
Telangana, –,Jangaon,Jangaon,582457,2187.5,259,79.25901525,17.7265463
Telangana, –,Jayashankar Bhupalpally,Bhupalpalle,712257,6361.7,115,18.4293,79.8635
Telangana, –,Jogulamba Gadwal,Gadwal,664971,2928,208,77.7946371,16.2347032
Telangana, –,Kamareddy,Kamareddy,972625,3651,266,78.05393808,18.316551
Telangana,KA,Karimnagar,Karimnagar,1016063,2379.07,473,79.1322648,18.4346438
Telangana,KH,Khammam,Khammam,1401639,4453,321,80.333333,17.5
Telangana, –,Mahabubabad,Mahabubabad,770170,2876.7,269,80.04134253,17.7138983
Telangana,MA,Mahbubnagar,Mahbubnagar,1318110,4037,281,77.9923191,16.7434538
Telangana, –,Mancherial,Mancherial,807037,4056.36,201,79.4449696,18.8761795
Telangana,ME,Medak,Medak,767428,2740.89,275,78.21174499,17.9375095
Telangana, –,Medchal-Malkajgiri,Shamirpet,2542203,5005.98,2251,78.5743878,17.5942672
Telangana,,Mulugu,,,,,79.1151663,17.8495919
Telangana,NA,Nalgonda,Nalgonda,1631399,2449.79,227,79.21749353,16.8579636
Telangana,,Narayanpet,,,,,79.1151663,17.8495919
Telangana, –,Nagarkurnool,Nagarkurnool,893308,6545,124,78.68304333,16.41576265
Telangana, –,Nirmal,Nirmal,709415,3562.51,185,78.39660898,19.09152095
Telangana,NI,Nizamabad,Nizamabad,1534428,4153,366,78.25,18.75
Telangana, –,Peddapalli,Peddapalle,795332,4614.74,356,77.760645,16.1722391
Telangana, –,Rajanna Sircilla,Sircilla,546121,2030.89,273,78.79588753,18.39303385
Telangana,RA,Ranga Reddy,Shamshabad,2551731,1038,486,78.7617896,19.7273038
Telangana, –,Sangareddy,Sangareddy,1527628,4464.87,347,77.82281995,17.86859205
Telangana, –,Siddipet,Siddipet,993376,3425.19,279,78.89611305,18.0055851
Telangana, –,Suryapet,Suryapet,1099560,3374.47,305,79.79253297,17.08001385
Telangana, –,Vikarabad,Vikarabad,881250,3385,274,77.74529701,17.2702855
Telangana, –,Wanaparthy,Wanaparthy,751553,2938,268,77.98644727,16.2852944
Telangana,WL,Warangal Urban,Warangal,1135707,1304.5,826,79.5982115,17.9806094
Telangana, –,Warangal Rural,Geesugonda,716457,2175.5,330,79.6971845,17.9679155
Telangana, –,Yadadri Bhuvanagiri,Bhongiri,726465,3091.48,239,79.5019649,16.8143748
Tripura,DH,Dhalai,Ambassa,377988,2400,157,91.86442303,23.88793835
Tripura,GM,Gomati,"Udaipur, Tripura","4,36,868",1522.8,287,23.5167,91.6372
Tripura,KH,Khowai[14],Khowai,"3,27,391",1005.67,326,91.62320954,24.04673835
Tripura,NT,North Tripura,Dharmanagar,"4,15,946",1444.5,288,92.1655262,24.3734077
Tripura,SP,Sepahijala[15],Bishramganj,"4,84,233",1044.78,463,91.3609716,23.5979829
Tripura,ST,South Tripura,Belonia,"4,33,737",1534.2,283,91.4550309,23.2497879
Tripura,UK,Unokoti[16],Kailashahar,"2,77,335",591.93,469,91.9984289,24.3194297
Tripura,WT,West Tripura,Agartala,"9,17,534",942.55,973,91.2823821,23.8312377
Uttar Pradesh,AG,Agra,Agra,4380793,4027,1084,78.0098161,27.1752554
Uttar Pradesh,AL,Aligarh,Aligarh,3673849,3747,1007,78.13729028,27.87698975
Uttar Pradesh,AH,Allahabad,Allahabad,5959798,5481,1087,81.8338005,25.4381302
Uttar Pradesh,AN,Ambedkar Nagar,Akbarpur,2398709,2372,1021,80.01799968,26.4398744
Uttar Pradesh,CS,Amethi[17],Gauriganj,Survey Pending,Pending,Pending,81.69917,26.2657866
Uttar Pradesh,JP,Amroha,Amroha,1838771,2321,818,78.48831693,28.9233969
Uttar Pradesh,AU,Auraiya,Auraiya,1372287,2051,681,79.51504701,26.65573395
Uttar Pradesh,AZ,Azamgarh,Azamgarh,4616509,4053,1139,83.02887343,26.02269675
Uttar Pradesh,BG,Bagpat,Baghpat,1302156,1345,986,77.33315285,28.97240405
Uttar Pradesh,BH,Bahraich,Bahraich,2384239,4926,415,81.47732128,27.7336958
Uttar Pradesh,BL,Ballia,Ballia,3223642,2981,1081,84.11995931,25.87793255
Uttar Pradesh,BP,Balrampur,Balrampur,2149066,3349,642,82.39541774,27.4504805
Uttar Pradesh,BN,Banda,Banda,1799541,4413,404,80.859666,27.1303344
Uttar Pradesh,BB,Barabanki,Barabanki,3257983,3825,739,81.38609761,26.93823105
Uttar Pradesh,BR,Bareilly,Bareilly,4465344,4120,1084,79.40557094,28.457876
Uttar Pradesh,BS,Basti,Basti,2461056,2687,916,83,27.25
Uttar Pradesh,BH,Bhadohi,Gyanpur,1554203,960,1531,82.38649684,25.3156516
Uttar Pradesh,BI,Bijnor,Bijnor,3683896,4561,808,78.4808784,29.40604895
Uttar Pradesh,BD,Budaun,Budaun,3712738,5168,718,79.04607312,28.06831165
Uttar Pradesh,BU,Bulandshahr,Bulandshahr,3498507,3719,788,77.97479773,28.38886085
Uttar Pradesh,CD,Chandauli,Chandauli,1952713,2554,768,83.24965577,25.1265777
Uttar Pradesh,CT,Chitrakoot,Karwi,990626,3202,315,80.91907246,25.21990895
Uttar Pradesh,DE,Deoria,Deoria,3098637,2535,1220,83.76273169,26.42384715
Uttar Pradesh,ET,Etah,Etah,1761152,2456,717,78.6007864,27.5541146
Uttar Pradesh,EW,Etawah,Etawah,1579160,2287,683,79.09025375,26.71832435
Uttar Pradesh,FZ,Faizabad,Faizabad,2468371,2765,1054,82.05902434,26.63807555
Uttar Pradesh,FR,Farrukhabad,Fatehgarh,1887577,2279,865,79.620752,27.3700748
Uttar Pradesh,FT,Fatehpur,Fatehpur,2632684,4152,634,80.91800397,25.8435395
Uttar Pradesh,FI,Firozabad,Firozabad,2496761,2361,1044,78.38991198,27.17736635
Uttar Pradesh,GB,Gautam Buddh Nagar,Noida,1674714,1269,1252,77.3547609,28.5726442
Uttar Pradesh,GZ,Ghaziabad,Ghaziabad,4661452,1175,3967,77.4445372,28.711241
Uttar Pradesh,GP,Ghazipur,Ghazipur,3622727,3377,1072,83.50745405,25.6035084
Uttar Pradesh,GN,Gonda,Gonda,3431386,4425,857,81.91832912,27.1096669
Uttar Pradesh,GR,Gorakhpur,Gorakhpur,4436275,3325,1336,83.36458284,26.67132865
Uttar Pradesh,HM,Hamirpur,Hamirpur,1104021,4325,268,80,25.75
Uttar Pradesh,PN,Hapur,Hapur,1451983,Pending,Pending,77.83542557,28.7406125
Uttar Pradesh,HR,Hardoi,Hardoi,4091380,5986,683,80.09752646,27.33857665
Uttar Pradesh,HT,Hathras,Hathras,1565678,1752,851,78.11173867,27.57324325
Uttar Pradesh,JL,Jalaun,Orai,1670718,4565,366,79.42432768,25.9359555
Uttar Pradesh,JU,Jaunpur,Jaunpur,4476072,4038,1108,82.48834098,25.7955927
Uttar Pradesh,JH,Jhansi,Jhansi,2000755,5024,398,78.65268902,25.53103115
Uttar Pradesh,KJ,Kannauj,Kannauj,1658005,1993,792,79.68861213,26.9996974
Uttar Pradesh,KD,Kanpur Dehat,Akbarpur,1795092,3021,594,80.01799968,26.4398744
Uttar Pradesh,KN,Kanpur Nagar,Kanpur,4572951,3156,1415,80.3217588,26.4609135
Uttar Pradesh,KR,Kasganj,Kasganj,1438156,1955,736,78.63489004,27.88384605
Uttar Pradesh,KS,Kaushambi,Manjhanpur,1596909,1837,897,81.3302517,25.4029238
Uttar Pradesh,KU,Kushinagar,Padrauna,3560830,2909,1226,83.90103805,27.03180635
Uttar Pradesh,LK,Lakhimpur Kheri,Lakhimpur,4013634,7674,523,80.75384538,27.98506015
Uttar Pradesh,LA,Lalitpur,Lalitpur,1218002,5039,242,78.51866759,24.70038485
Uttar Pradesh,LU,Lucknow,Lucknow,4588455,2528,1815,80.9346001,26.8381
Uttar Pradesh,MG,Maharajganj,Maharajganj,2665292,2953,903,83.56696261,27.09254225
Uttar Pradesh,MH,Mahoba,Mahoba,876055,2847,288,79.70499475,25.36176885
Uttar Pradesh,MP,Mainpuri,Mainpuri,1847194,2760,670,79.04813701,27.2098219
Uttar Pradesh,MT,Mathura,Mathura,2541894,3333,761,77.583333,27.633333
Uttar Pradesh,MB,Mau,Mau,2205170,1713,1287,83.49793418,26.0376878
Uttar Pradesh,ME,Meerut,Meerut,3447405,2522,1342,77.683333,28.916667
Uttar Pradesh,MI,Mirzapur,Mirzapur,2494533,4522,561,82.6477013,24.9356347
Uttar Pradesh,MO,Moradabad,Moradabad,4773138,3718,1284,78.80577833,28.8638424
Uttar Pradesh,MU,Muzaffarnagar,Muzaffarnagar,4138605,4008,1033,77.74068503,29.44800635
Uttar Pradesh,PI,Pilibhit,Pilibhit,2037225,3499,567,80.1075408,28.49520765
Uttar Pradesh,PR,Pratapgarh,Pratapgarh,3173752,3717,854,81.75,25.75
Uttar Pradesh,RB,Raebareli,Raebareli,3404004,4609,739,81.0447907,26.3501557
Uttar Pradesh,RA,Rampur,Rampur,2335398,2367,987,79.18593045,28.79406825
Uttar Pradesh,SA,Saharanpur,Saharanpur,3464228,3689,939,77.50812995,29.9880774
Uttar Pradesh,SM,Sambhal,Sambhal,2217020,,,78.55087405,28.61875255
Uttar Pradesh,SK,Sant Kabir Nagar,Khalilabad,1714300,1442,1014,82.99172907,26.79947155
Uttar Pradesh,SJ,Shahjahanpur,Shahjahanpur,3002376,4575,673,79.74656295,27.91263315
Uttar Pradesh,SH,Shamli[18],Shamli,Survey Pending,Pending,Pending,77.34838259,29.5008816
Uttar Pradesh,SV,Shravasti,Shravasti,1114615,1948,572,82.0263569,27.5083429
Uttar Pradesh,SN,Siddharthnagar,Naugarh,2553526,2751,882,83.12724837,27.29466415
Uttar Pradesh,SI,Sitapur,Sitapur,4474446,5743,779,80.82946583,27.5046392
Uttar Pradesh,SO,Sonbhadra,Robertsganj,1862612,6788,274,83.16261863,24.5977192
Uttar Pradesh,SU,Sultanpur,Sultanpur,3790922,4436,855,82.29616932,26.24251085
Uttar Pradesh,UN,Unnao,Unnao,3110595,4561,682,80.61376178,26.57550365
Uttar Pradesh,VA,Varanasi,Varanasi,3682194,1535,2399,83.0076292,25.3356491
Uttarakhand,AL,Almora,Almora,621927,3090,198,79.43317023,29.703095
Uttarakhand,BA,Bageshwar,Bageshwar,259840,2310,116,79.9302968,30.0086722
Uttarakhand,CL,Chamoli,Gopeshwar,391114,7692,49,79.31855,30.40878
Uttarakhand,CP,Champawat,Champawat,259315,1781,147,80.10172077,29.23631315
Uttarakhand,DD,Dehradun,Dehradun,1698560,3088,550,78.0436813,30.3255646
Uttarakhand,HA,Haridwar,Haridwar,1927029,2360,817,78.1452985,29.9384473
Uttarakhand,NA,Nainital,Nainital,955128,3853,225,79.4176945,29.2031392
Uttarakhand,PG,Pauri Garhwal,Pauri,686527,5438,129,78.7759518,30.1479882
Uttarakhand,PI,Pithoragarh,Pithoragarh,485993,7110,69,80.23183521,29.55701405
Uttarakhand,RP,Rudraprayag,Rudraprayag,236857,1896,119,79.06287965,30.3009965
Uttarakhand,TG,Tehri Garhwal,New Tehri,616409,4085,169,78.43277,30.37445
Uttarakhand,US,Udham Singh Nagar,Rudrapur,1648367,2912,648,79.3963951,28.974744
Uttarakhand,UT,Uttarkashi,Uttarkashi,329686,7951,41,78.63368731,30.9654214
West Bengal,AD,Alipurduar,Alipurduar,1700000,3383,400,89.5246926,26.4851573
West Bengal,BN,Bankura,Bankura,3596292,6882,523,87.2073972,23.13195425
West Bengal,BR,Paschim Bardhaman,Asansol,2882031,1603,1100,86.9746587,23.6871297
West Bengal,BR,Purba Bardhaman,Bardhaman,4835532,5433,890,87.8689422,23.244051
West Bengal,BI,Birbhum,Suri,3502387,4545,771,87.5310132,23.8902958
West Bengal,KB,Cooch Behar,Cooch Behar,2822780,3387,833,89.4592445,26.3223696
West Bengal,DD,Dakshin Dinajpur,Balurghat,1670931,2183,753,88.78900294,25.2634866
West Bengal,DA,Darjeeling,Darjeeling,1842034,3149,585,88.30714958,26.8349002
West Bengal,HG,Hooghly,Chinsurah,5520389,3149,1753,88.38761418,22.96890415
West Bengal,HR,Howrah,Howrah,4841638,1467,3300,88.323139,22.5882216
West Bengal,JA,Jalpaiguri,Jalpaiguri,3869675,6227,621,88.73407701,26.62648365
West Bengal,JH,Jhargram,Jhargram,1136548,3038,370,87.04867177,22.3770636
West Bengal,KA,Kalimpong,Kalimpong,251642,1054,239,88.4729,27.07169
West Bengal,KO,Kolkata,Kolkata,4486679,185,24252,88.3476023,22.5677459
West Bengal,MA,Maldah,English Bazar,3997970,3733,1071,88.12777813,24.96571225
West Bengal,MSD,Murshidabad,Baharampur,7102430,5324,1334,88.2591686,24.0891652
West Bengal,NA,Nadia,Krishnanagar,5168488,3927,1316,88.4958935,23.4058481
West Bengal,PN,North 24 Parganas,Barasat,10082852,4094,2463,88.4889529,22.7176238
West Bengal,PM,Paschim Medinipur,Midnapore,5094238,9345,1076,87.17500551,22.4671958
West Bengal,PR,Purba Medinipur,Tamluk,4417377,4736,923,87.86746237,22.3028351
West Bengal,PU,Purulia,Purulia,2927965,6259,468,86.41893564,23.3711646
West Bengal,PS,South 24 Parganas,Alipore,8153176,9960,819,88.3272782,22.5391712
West Bengal,UD,Uttar Dinajpur,Raiganj,3000849,3180,956,88.12464576,25.6806539
Andaman and Nicobar,NI,Nicobar,Car Nicobar,36842,1841,20,92.77301361,9.187057
Andaman and Nicobar,NA,North and Middle Andaman,Mayabunder,105597,3736,28,92.83131186,12.7701746
Andaman and Nicobar,SA,South Andaman,Port Blair,238142,2672,89,92.7390448,11.6645348
Chandigarh,CH,Chandigarh,Chandigarh,1055450,114,9258,76.7646552,30.7194022
Daman and Diu,DA,Daman,Daman,"191,173[25]",72[26],2651,72.8637629,20.42000485
Daman and Diu,DI,Diu,Diu,"52,074[27]",39[28],2058,70.93239924,20.71798575
Dadra and Nagar Haveli,DN,Dadra and Nagar Haveli,Silvassa,343709,491,700,73.0045787,20.2736768
Jammu and Kashmir,AN,Anantnag,Anantnag,1070144,2853,375,75.18544753,33.74610995
Jammu and Kashmir,BPR,Bandipora,Bandipore,385099,3010,128,34.5052,74.6869
Jammu and Kashmir,BR,Baramulla,Baramulla,1015503,3329,305,74.36221081,34.20500565
Jammu and Kashmir,BD,Badgam,Badgam,735753,1406,537,74.62914426,33.9099319
Jammu and Kashmir,DO,Doda,Doda,409576,11691,79,75.56752282,33.1774307
Jammu and Kashmir,GB,Ganderbal,Ganderbal,297003,258,1151,74.83434977,34.1934255
Jammu and Kashmir,JA,Jammu,Jammu,1526406,3097,596,74.8580917,32.7185614
Jammu and Kashmir,KT,Kathua,Kathua,615711,2651,232,75.5,32.583333
Jammu and Kashmir,KW,Kishtwar,Kishtwar,230696,7737,30,75.81692388,33.2761171
Jammu and Kashmir,KG,Kulgam,Kulgam,422786,457,925,75.01480232,33.66980055
Jammu and Kashmir,KU,Kupwara,Kupwara,875564,2379,368,74.23847867,34.6110236
Jammu and Kashmir,PO,Poonch,Poonch,476820,1674,285,74.0957143,33.7670004
Jammu and Kashmir,PU,Pulwama,Pulwama,570060,1398,598,74.89634094,33.89829355
Jammu and Kashmir,RA,Rajouri,Rajouri,619266,2630,235,74.3132332,33.3772495
Jammu and Kashmir,RB,Ramban,Ramban,283313,1330,213,75.20509891,33.2116371
Jammu and Kashmir,RS,Reasi,Reasi,314714,1710,184,74.83786982,33.06910315
Jammu and Kashmir,SB,Samba,Samba,318611,913,318,75.12034456,32.57591175
Jammu and Kashmir,SH,Shopian,Shupiyan,265960,312,852,74.8333311,33.718807
Jammu and Kashmir,SR,Srinagar,Srinagar,1269751,2228,703,74.8204443,34.0747444
Jammu and Kashmir,UD,Udhampur,Udhampur,555357,4550,211,75.166667,33
Ladakh,KR,Kargil,Kargil,143388,14036,10,75.66548598,34.42089435
Ladakh,LE,Leh,Leh,147104,45110,3,77.5848133,34.1642029
Lakshadweep,LD,Lakshadweep,Kavaratti,"64,473[29]",30[30],"2,149[31]",72.6365688,10.55905
National Capital Territory of Delhi,CD,Central Delhi,Daryaganj,582320,25,27730,77.243048,28.64609
National Capital Territory of Delhi,ED,East Delhi,Preet Vihar,1709346,440,27132,77.2952594,28.6414409
National Capital Territory of Delhi,ND,New Delhi,Connaught Place,142004,22,4057,77.2197924,28.6313827
National Capital Territory of Delhi,NO,North Delhi,Sadar Bazaar,887978,59,14557,77.1111533,28.5771509
National Capital Territory of Delhi,NE,North East Delhi,Seelampur,2241624,52,36155,77.2668137,28.6698165
National Capital Territory of Delhi,NW,North West Delhi,Kanjhawala,3656539,130,8254,77.0043151,28.7358173
National Capital Territory of Delhi, –,Shahdara,Shahdara, –,59.75, –,77.2890248,28.6733333
National Capital Territory of Delhi,SD,South Delhi,Saket,2731929,250,11060,77.2137253,28.5244107
National Capital Territory of Delhi, –,South East Delhi,Defence Colony, –, –, –,77.23177637,28.5712216
National Capital Territory of Delhi,SW,South West Delhi,Vasant Vihar,2292958,395,5446,77.16079073,28.56069055